#,Name,Type 1,Type 2,Generation,Legendary,Total,HP,Attack,Defense,Sp. Atk,Sp. Def,Speed
1,Bulbasaur,Grass,Poison,1,False,318,45,49,49,65,65,45
2,Ivysaur,Grass,Poison,1,False,405,60,62,63,80,80,60
3,Venusaur,Grass,Poison,1,False,525,80,82,83,100,100,80
3,VenusaurMega Venusaur,Grass,Poison,1,False,625,80,100,123,122,120,80
4,Charmander,Fire,,1,False,309,39,52,43,60,50,65
5,Charmeleon,Fire,,1,False,405,58,64,58,80,65,80
6,Charizard,Fire,Flying,1,False,534,78,84,78,109,85,100
6,CharizardMega Charizard X,Fire,Dragon,1,False,634,78,130,111,130,85,100
6,CharizardMega Charizard Y,Fire,Flying,1,False,634,78,104,78,159,115,100
7,Squirtle,Water,,1,False,314,44,48,65,50,64,43
8,Wartortle,Water,,1,False,405,59,63,80,65,80,58
9,Blastoise,Water,,1,False,530,79,83,100,85,105,78
9,BlastoiseMega Blastoise,Water,,1,False,630,79,103,120,135,115,78
10,Caterpie,Bug,,1,False,195,45,30,35,20,20,45
11,Metapod,Bug,,1,False,205,50,20,55,25,25,30
12,Butterfree,Bug,Flying,1,False,395,60,45,50,90,80,70
13,Weedle,Bug,Poison,1,False,195,40,35,30,20,20,50
14,Kakuna,Bug,Poison,1,False,205,45,25,50,25,25,35
15,Beedrill,Bug,Poison,1,False,395,65,90,40,45,80,75
15,BeedrillMega Beedrill,Bug,Poison,1,False,495,65,150,40,15,80,145
16,Pidgey,Normal,Flying,1,False,251,40,45,40,35,35,56
17,Pidgeotto,Normal,Flying,1,False,349,63,60,55,50,50,71
18,Pidgeot,Normal,Flying,1,False,479,83,80,75,70,70,101
18,PidgeotMega Pidgeot,Normal,Flying,1,False,579,83,80,80,135,80,121
19,Rattata,Normal,,1,False,253,30,56,35,25,35,72
20,Raticate,Normal,,1,False,413,55,81,60,50,70,97
21,Spearow,Normal,Flying,1,False,262,40,60,30,31,31,70
22,Fearow,Normal,Flying,1,False,442,65,90,65,61,61,100
23,Ekans,Poison,,1,False,288,35,60,44,40,54,55
24,Arbok,Poison,,1,False,438,60,85,69,65,79,80
25,Pikachu,Electric,,1,False,320,35,55,40,50,50,90
26,Raichu,Electric,,1,False,485,60,90,55,90,80,110
27,Sandshrew,Ground,,1,False,300,50,75,85,20,30,40
28,Sandslash,Ground,,1,False,450,75,100,110,45,55,65
29,Nidoran (Female),Poison,,1,False,275,55,47,52,40,40,41
30,Nidorina,Poison,,1,False,365,70,62,67,55,55,56
31,Nidoqueen,Poison,Ground,1,False,505,90,92,87,75,85,76
32,Nidoran (Male),Poison,,1,False,273,46,57,40,40,40,50
33,Nidorino,Poison,,1,False,365,61,72,57,55,55,65
34,Nidoking,Poison,Ground,1,False,505,81,102,77,85,75,85
35,Clefairy,Fairy,,1,False,323,70,45,48,60,65,35
36,Clefable,Fairy,,1,False,483,95,70,73,95,90,60
37,Vulpix,Fire,,1,False,299,38,41,40,50,65,65
38,Ninetales,Fire,,1,False,505,73,76,75,81,100,100
39,Jigglypuff,Normal,Fairy,1,False,270,115,45,20,45,25,20
40,Wigglytuff,Normal,Fairy,1,False,435,140,70,45,85,50,45
41,Zubat,Poison,Flying,1,False,245,40,45,35,30,40,55
42,Golbat,Poison,Flying,1,False,455,75,80,70,65,75,90
43,Oddish,Grass,Poison,1,False,320,45,50,55,75,65,30
44,Gloom,Grass,Poison,1,False,395,60,65,70,85,75,40
45,Vileplume,Grass,Poison,1,False,490,75,80,85,110,90,50
46,Paras,Bug,Grass,1,False,285,35,70,55,45,55,25
47,Parasect,Bug,Grass,1,False,405,60,95,80,60,80,30
48,Venonat,Bug,Poison,1,False,305,60,55,50,40,55,45
49,Venomoth,Bug,Poison,1,False,450,70,65,60,90,75,90
50,Diglett,Ground,,1,False,265,10,55,25,35,45,95
51,Dugtrio,Ground,,1,False,405,35,80,50,50,70,120
52,Meowth,Normal,,1,False,290,40,45,35,40,40,90
53,Persian,Normal,,1,False,440,65,70,60,65,65,115
54,Psyduck,Water,,1,False,320,50,52,48,65,50,55
55,Golduck,Water,,1,False,500,80,82,78,95,80,85
56,Mankey,Fighting,,1,False,305,40,80,35,35,45,70
57,Primeape,Fighting,,1,False,455,65,105,60,60,70,95
58,Growlithe,Fire,,1,False,350,55,70,45,70,50,60
59,Arcanine,Fire,,1,False,555,90,110,80,100,80,95
60,Poliwag,Water,,1,False,300,40,50,40,40,40,90
61,Poliwhirl,Water,,1,False,385,65,65,65,50,50,90
62,Poliwrath,Water,Fighting,1,False,510,90,95,95,70,90,70
63,Abra,Psychic,,1,False,310,25,20,15,105,55,90
64,Kadabra,Psychic,,1,False,400,40,35,30,120,70,105
65,Alakazam,Psychic,,1,False,500,55,50,45,135,95,120
65,AlakazamMega Alakazam,Psychic,,1,False,590,55,50,65,175,95,150
66,Machop,Fighting,,1,False,305,70,80,50,35,35,35
67,Machoke,Fighting,,1,False,405,80,100,70,50,60,45
68,Machamp,Fighting,,1,False,505,90,130,80,65,85,55
69,Bellsprout,Grass,Poison,1,False,300,50,75,35,70,30,40
70,Weepinbell,Grass,Poison,1,False,390,65,90,50,85,45,55
71,Victreebel,Grass,Poison,1,False,490,80,105,65,100,70,70
72,Tentacool,Water,Poison,1,False,335,40,40,35,50,100,70
73,Tentacruel,Water,Poison,1,False,515,80,70,65,80,120,100
74,Geodude,Rock,Ground,1,False,300,40,80,100,30,30,20
75,Graveler,Rock,Ground,1,False,390,55,95,115,45,45,35
76,Golem,Rock,Ground,1,False,495,80,120,130,55,65,45
77,Ponyta,Fire,,1,False,410,50,85,55,65,65,90
78,Rapidash,Fire,,1,False,500,65,100,70,80,80,105
79,Slowpoke,Water,Psychic,1,False,315,90,65,65,40,40,15
80,Slowbro,Water,Psychic,1,False,490,95,75,110,100,80,30
80,SlowbroMega Slowbro,Water,Psychic,1,False,590,95,75,180,130,80,30
81,Magnemite,Electric,Steel,1,False,325,25,35,70,95,55,45
82,Magneton,Electric,Steel,1,False,465,50,60,95,120,70,70
83,Farfetch'd,Normal,Flying,1,False,352,52,65,55,58,62,60
84,Doduo,Normal,Flying,1,False,310,35,85,45,35,35,75
85,Dodrio,Normal,Flying,1,False,460,60,110,70,60,60,100
86,Seel,Water,,1,False,325,65,45,55,45,70,45
87,Dewgong,Water,Ice,1,False,475,90,70,80,70,95,70
88,Grimer,Poison,,1,False,325,80,80,50,40,50,25
89,Muk,Poison,,1,False,500,105,105,75,65,100,50
90,Shellder,Water,,1,False,305,30,65,100,45,25,40
91,Cloyster,Water,Ice,1,False,525,50,95,180,85,45,70
92,Gastly,Ghost,Poison,1,False,310,30,35,30,100,35,80
93,Haunter,Ghost,Poison,1,False,405,45,50,45,115,55,95
94,Gengar,Ghost,Poison,1,False,500,60,65,60,130,75,110
94,GengarMega Gengar,Ghost,Poison,1,False,600,60,65,80,170,95,130
95,Onix,Rock,Ground,1,False,385,35,45,160,30,45,70
96,Drowzee,Psychic,,1,False,328,60,48,45,43,90,42
97,Hypno,Psychic,,1,False,483,85,73,70,73,115,67
98,Krabby,Water,,1,False,325,30,105,90,25,25,50
99,Kingler,Water,,1,False,475,55,130,115,50,50,75
100,Voltorb,Electric,,1,False,330,40,30,50,55,55,100
101,Electrode,Electric,,1,False,480,60,50,70,80,80,140
102,Exeggcute,Grass,Psychic,1,False,325,60,40,80,60,45,40
103,Exeggutor,Grass,Psychic,1,False,520,95,95,85,125,65,55
104,Cubone,Ground,,1,False,320,50,50,95,40,50,35
105,Marowak,Ground,,1,False,425,60,80,110,50,80,45
106,Hitmonlee,Fighting,,1,False,455,50,120,53,35,110,87
107,Hitmonchan,Fighting,,1,False,455,50,105,79,35,110,76
108,Lickitung,Normal,,1,False,385,90,55,75,60,75,30
109,Koffing,Poison,,1,False,340,40,65,95,60,45,35
110,Weezing,Poison,,1,False,490,65,90,120,85,70,60
111,Rhyhorn,Ground,Rock,1,False,345,80,85,95,30,30,25
112,Rhydon,Ground,Rock,1,False,485,105,130,120,45,45,40
113,Chansey,Normal,,1,False,450,250,5,5,35,105,50
114,Tangela,Grass,,1,False,435,65,55,115,100,40,60
115,Kangaskhan,Normal,,1,False,490,105,95,80,40,80,90
115,KangaskhanMega Kangaskhan,Normal,,1,False,590,105,125,100,60,100,100
116,Horsea,Water,,1,False,295,30,40,70,70,25,60
117,Seadra,Water,,1,False,440,55,65,95,95,45,85
118,Goldeen,Water,,1,False,320,45,67,60,35,50,63
119,Seaking,Water,,1,False,450,80,92,65,65,80,68
120,Staryu,Water,,1,False,340,30,45,55,70,55,85
121,Starmie,Water,Psychic,1,False,520,60,75,85,100,85,115
122,Mr. Mime,Psychic,Fairy,1,False,460,40,45,65,100,120,90
123,Scyther,Bug,Flying,1,False,500,70,110,80,55,80,105
124,Jynx,Ice,Psychic,1,False,455,65,50,35,115,95,95
125,Electabuzz,Electric,,1,False,490,65,83,57,95,85,105
126,Magmar,Fire,,1,False,495,65,95,57,100,85,93
127,Pinsir,Bug,,1,False,500,65,125,100,55,70,85
127,PinsirMega Pinsir,Bug,Flying,1,False,600,65,155,120,65,90,105
128,Tauros,Normal,,1,False,490,75,100,95,40,70,110
129,Magikarp,Water,,1,False,200,20,10,55,15,20,80
130,Gyarados,Water,Flying,1,False,540,95,125,79,60,100,81
130,GyaradosMega Gyarados,Water,Dark,1,False,640,95,155,109,70,130,81
131,Lapras,Water,Ice,1,False,535,130,85,80,85,95,60
132,Ditto,Normal,,1,False,288,48,48,48,48,48,48
133,Eevee,Normal,,1,False,325,55,55,50,45,65,55
134,Vaporeon,Water,,1,False,525,130,65,60,110,95,65
135,Jolteon,Electric,,1,False,525,65,65,60,110,95,130
136,Flareon,Fire,,1,False,525,65,130,60,95,110,65
137,Porygon,Normal,,1,False,395,65,60,70,85,75,40
138,Omanyte,Rock,Water,1,False,355,35,40,100,90,55,35
139,Omastar,Rock,Water,1,False,495,70,60,125,115,70,55
140,Kabuto,Rock,Water,1,False,355,30,80,90,55,45,55
141,Kabutops,Rock,Water,1,False,495,60,115,105,65,70,80
142,Aerodactyl,Rock,Flying,1,False,515,80,105,65,60,75,130
142,AerodactylMega Aerodactyl,Rock,Flying,1,False,615,80,135,85,70,95,150
143,Snorlax,Normal,,1,False,540,160,110,65,65,110,30
144,Articuno,Ice,Flying,1,True,580,90,85,100,95,125,85
145,Zapdos,Electric,Flying,1,True,580,90,90,85,125,90,100
146,Moltres,Fire,Flying,1,True,580,90,100,90,125,85,90
147,Dratini,Dragon,,1,False,300,41,64,45,50,50,50
148,Dragonair,Dragon,,1,False,420,61,84,65,70,70,70
149,Dragonite,Dragon,Flying,1,False,600,91,134,95,100,100,80
150,Mewtwo,Psychic,,1,True,680,106,110,90,154,90,130
150,MewtwoMega Mewtwo X,Psychic,Fighting,1,True,780,106,190,100,154,100,130
150,MewtwoMega Mewtwo Y,Psychic,,1,True,780,106,150,70,194,120,140
151,Mew,Psychic,,1,False,600,100,100,100,100,100,100
152,Chikorita,Grass,,2,False,318,45,49,65,49,65,45
153,Bayleef,Grass,,2,False,405,60,62,80,63,80,60
154,Meganium,Grass,,2,False,525,80,82,100,83,100,80
155,Cyndaquil,Fire,,2,False,309,39,52,43,60,50,65
156,Quilava,Fire,,2,False,405,58,64,58,80,65,80
157,Typhlosion,Fire,,2,False,534,78,84,78,109,85,100
158,Totodile,Water,,2,False,314,50,65,64,44,48,43
159,Croconaw,Water,,2,False,405,65,80,80,59,63,58
160,Feraligatr,Water,,2,False,530,85,105,100,79,83,78
161,Sentret,Normal,,2,False,215,35,46,34,35,45,20
162,Furret,Normal,,2,False,415,85,76,64,45,55,90
163,Hoothoot,Normal,Flying,2,False,262,60,30,30,36,56,50
164,Noctowl,Normal,Flying,2,False,442,100,50,50,76,96,70
165,Ledyba,Bug,Flying,2,False,265,40,20,30,40,80,55
166,Ledian,Bug,Flying,2,False,390,55,35,50,55,110,85
167,Spinarak,Bug,Poison,2,False,250,40,60,40,40,40,30
168,Ariados,Bug,Poison,2,False,390,70,90,70,60,60,40
169,Crobat,Poison,Flying,2,False,535,85,90,80,70,80,130
170,Chinchou,Water,Electric,2,False,330,75,38,38,56,56,67
171,Lanturn,Water,Electric,2,False,460,125,58,58,76,76,67
172,Pichu,Electric,,2,False,205,20,40,15,35,35,60
173,Cleffa,Fairy,,2,False,218,50,25,28,45,55,15
174,Igglybuff,Normal,Fairy,2,False,210,90,30,15,40,20,15
175,Togepi,Fairy,,2,False,245,35,20,65,40,65,20
176,Togetic,Fairy,Flying,2,False,405,55,40,85,80,105,40
177,Natu,Psychic,Flying,2,False,320,40,50,45,70,45,70
178,Xatu,Psychic,Flying,2,False,470,65,75,70,95,70,95
179,Mareep,Electric,,2,False,280,55,40,40,65,45,35
180,Flaaffy,Electric,,2,False,365,70,55,55,80,60,45
181,Ampharos,Electric,,2,False,510,90,75,85,115,90,55
181,AmpharosMega Ampharos,Electric,Dragon,2,False,610,90,95,105,165,110,45
182,Bellossom,Grass,,2,False,490,75,80,95,90,100,50
183,Marill,Water,Fairy,2,False,250,70,20,50,20,50,40
184,Azumarill,Water,Fairy,2,False,420,100,50,80,60,80,50
185,Sudowoodo,Rock,,2,False,410,70,100,115,30,65,30
186,Politoed,Water,,2,False,500,90,75,75,90,100,70
187,Hoppip,Grass,Flying,2,False,250,35,35,40,35,55,50
188,Skiploom,Grass,Flying,2,False,340,55,45,50,45,65,80
189,Jumpluff,Grass,Flying,2,False,460,75,55,70,55,95,110
190,Aipom,Normal,,2,False,360,55,70,55,40,55,85
191,Sunkern,Grass,,2,False,180,30,30,30,30,30,30
192,Sunflora,Grass,,2,False,425,75,75,55,105,85,30
193,Yanma,Bug,Flying,2,False,390,65,65,45,75,45,95
194,Wooper,Water,Ground,2,False,210,55,45,45,25,25,15
195,Quagsire,Water,Ground,2,False,430,95,85,85,65,65,35
196,Espeon,Psychic,,2,False,525,65,65,60,130,95,110
197,Umbreon,Dark,,2,False,525,95,65,110,60,130,65
198,Murkrow,Dark,Flying,2,False,405,60,85,42,85,42,91
199,Slowking,Water,Psychic,2,False,490,95,75,80,100,110,30
200,Misdreavus,Ghost,,2,False,435,60,60,60,85,85,85
201,Unown,Psychic,,2,False,336,48,72,48,72,48,48
202,Wobbuffet,Psychic,,2,False,405,190,33,58,33,58,33
203,Girafarig,Normal,Psychic,2,False,455,70,80,65,90,65,85
204,Pineco,Bug,,2,False,290,50,65,90,35,35,15
205,Forretress,Bug,Steel,2,False,465,75,90,140,60,60,40
206,Dunsparce,Normal,,2,False,415,100,70,70,65,65,45
207,Gligar,Ground,Flying,2,False,430,65,75,105,35,65,85
208,Steelix,Steel,Ground,2,False,510,75,85,200,55,65,30
208,SteelixMega Steelix,Steel,Ground,2,False,610,75,125,230,55,95,30
209,Snubbull,Fairy,,2,False,300,60,80,50,40,40,30
210,Granbull,Fairy,,2,False,450,90,120,75,60,60,45
211,Qwilfish,Water,Poison,2,False,430,65,95,75,55,55,85
212,Scizor,Bug,Steel,2,False,500,70,130,100,55,80,65
212,ScizorMega Scizor,Bug,Steel,2,False,600,70,150,140,65,100,75
213,Shuckle,Bug,Rock,2,False,505,20,10,230,10,230,5
214,Heracross,Bug,Fighting,2,False,500,80,125,75,40,95,85
214,HeracrossMega Heracross,Bug,Fighting,2,False,600,80,185,115,40,105,75
215,Sneasel,Dark,Ice,2,False,430,55,95,55,35,75,115
216,Teddiursa,Normal,,2,False,330,60,80,50,50,50,40
217,Ursaring,Normal,,2,False,500,90,130,75,75,75,55
218,Slugma,Fire,,2,False,250,40,40,40,70,40,20
219,Magcargo,Fire,Rock,2,False,410,50,50,120,80,80,30
220,Swinub,Ice,Ground,2,False,250,50,50,40,30,30,50
221,Piloswine,Ice,Ground,2,False,450,100,100,80,60,60,50
222,Corsola,Water,Rock,2,False,380,55,55,85,65,85,35
223,Remoraid,Water,,2,False,300,35,65,35,65,35,65
224,Octillery,Water,,2,False,480,75,105,75,105,75,45
225,Delibird,Ice,Flying,2,False,330,45,55,45,65,45,75
226,Mantine,Water,Flying,2,False,465,65,40,70,80,140,70
227,Skarmory,Steel,Flying,2,False,465,65,80,140,40,70,70
228,Houndour,Dark,Fire,2,False,330,45,60,30,80,50,65
229,Houndoom,Dark,Fire,2,False,500,75,90,50,110,80,95
229,HoundoomMega Houndoom,Dark,Fire,2,False,600,75,90,90,140,90,115
230,Kingdra,Water,Dragon,2,False,540,75,95,95,95,95,85
231,Phanpy,Ground,,2,False,330,90,60,60,40,40,40
232,Donphan,Ground,,2,False,500,90,120,120,60,60,50
233,Porygon2,Normal,,2,False,515,85,80,90,105,95,60
234,Stantler,Normal,,2,False,465,73,95,62,85,65,85
235,Smeargle,Normal,,2,False,250,55,20,35,20,45,75
236,Tyrogue,Fighting,,2,False,210,35,35,35,35,35,35
237,Hitmontop,Fighting,,2,False,455,50,95,95,35,110,70
238,Smoochum,Ice,Psychic,2,False,305,45,30,15,85,65,65
239,Elekid,Electric,,2,False,360,45,63,37,65,55,95
240,Magby,Fire,,2,False,365,45,75,37,70,55,83
241,Miltank,Normal,,2,False,490,95,80,105,40,70,100
242,Blissey,Normal,,2,False,540,255,10,10,75,135,55
243,Raikou,Electric,,2,True,580,90,85,75,115,100,115
244,Entei,Fire,,2,True,580,115,115,85,90,75,100
245,Suicune,Water,,2,True,580,100,75,115,90,115,85
246,Larvitar,Rock,Ground,2,False,300,50,64,50,45,50,41
247,Pupitar,Rock,Ground,2,False,410,70,84,70,65,70,51
248,Tyranitar,Rock,Dark,2,False,600,100,134,110,95,100,61
248,TyranitarMega Tyranitar,Rock,Dark,2,False,700,100,164,150,95,120,71
249,Lugia,Psychic,Flying,2,True,680,106,90,130,90,154,110
250,Ho-oh,Fire,Flying,2,True,680,106,130,90,110,154,90
251,Celebi,Psychic,Grass,2,False,600,100,100,100,100,100,100
252,Treecko,Grass,,3,False,310,40,45,35,65,55,70
253,Grovyle,Grass,,3,False,405,50,65,45,85,65,95
254,Sceptile,Grass,,3,False,530,70,85,65,105,85,120
254,SceptileMega Sceptile,Grass,Dragon,3,False,630,70,110,75,145,85,145
255,Torchic,Fire,,3,False,310,45,60,40,70,50,45
256,Combusken,Fire,Fighting,3,False,405,60,85,60,85,60,55
257,Blaziken,Fire,Fighting,3,False,530,80,120,70,110,70,80
257,BlazikenMega Blaziken,Fire,Fighting,3,False,630,80,160,80,130,80,100
258,Mudkip,Water,,3,False,310,50,70,50,50,50,40
259,Marshtomp,Water,Ground,3,False,405,70,85,70,60,70,50
260,Swampert,Water,Ground,3,False,535,100,110,90,85,90,60
260,SwampertMega Swampert,Water,Ground,3,False,635,100,150,110,95,110,70
261,Poochyena,Dark,,3,False,220,35,55,35,30,30,35
262,Mightyena,Dark,,3,False,420,70,90,70,60,60,70
263,Zigzagoon,Normal,,3,False,240,38,30,41,30,41,60
264,Linoone,Normal,,3,False,420,78,70,61,50,61,100
265,Wurmple,Bug,,3,False,195,45,45,35,20,30,20
266,Silcoon,Bug,,3,False,205,50,35,55,25,25,15
267,Beautifly,Bug,Flying,3,False,395,60,70,50,100,50,65
268,Cascoon,Bug,,3,False,205,50,35,55,25,25,15
269,Dustox,Bug,Poison,3,False,385,60,50,70,50,90,65
270,Lotad,Water,Grass,3,False,220,40,30,30,40,50,30
271,Lombre,Water,Grass,3,False,340,60,50,50,60,70,50
272,Ludicolo,Water,Grass,3,False,480,80,70,70,90,100,70
273,Seedot,Grass,,3,False,220,40,40,50,30,30,30
274,Nuzleaf,Grass,Dark,3,False,340,70,70,40,60,40,60
275,Shiftry,Grass,Dark,3,False,480,90,100,60,90,60,80
276,Taillow,Normal,Flying,3,False,270,40,55,30,30,30,85
277,Swellow,Normal,Flying,3,False,430,60,85,60,50,50,125
278,Wingull,Water,Flying,3,False,270,40,30,30,55,30,85
279,Pelipper,Water,Flying,3,False,430,60,50,100,85,70,65
280,Ralts,Psychic,Fairy,3,False,198,28,25,25,45,35,40
281,Kirlia,Psychic,Fairy,3,False,278,38,35,35,65,55,50
282,Gardevoir,Psychic,Fairy,3,False,518,68,65,65,125,115,80
282,GardevoirMega Gardevoir,Psychic,Fairy,3,False,618,68,85,65,165,135,100
283,Surskit,Bug,Water,3,False,269,40,30,32,50,52,65
284,Masquerain,Bug,Flying,3,False,414,70,60,62,80,82,60
285,Shroomish,Grass,,3,False,295,60,40,60,40,60,35
286,Breloom,Grass,Fighting,3,False,460,60,130,80,60,60,70
287,Slakoth,Normal,,3,False,280,60,60,60,35,35,30
288,Vigoroth,Normal,,3,False,440,80,80,80,55,55,90
289,Slaking,Normal,,3,False,670,150,160,100,95,65,100
290,Nincada,Bug,Ground,3,False,266,31,45,90,30,30,40
291,Ninjask,Bug,Flying,3,False,456,61,90,45,50,50,160
292,Shedinja,Bug,Ghost,3,False,236,1,90,45,30,30,40
293,Whismur,Normal,,3,False,240,64,51,23,51,23,28
294,Loudred,Normal,,3,False,360,84,71,43,71,43,48
295,Exploud,Normal,,3,False,490,104,91,63,91,73,68
296,Makuhita,Fighting,,3,False,237,72,60,30,20,30,25
297,Hariyama,Fighting,,3,False,474,144,120,60,40,60,50
298,Azurill,Normal,Fairy,3,False,190,50,20,40,20,40,20
299,Nosepass,Rock,,3,False,375,30,45,135,45,90,30
300,Skitty,Normal,,3,False,260,50,45,45,35,35,50
301,Delcatty,Normal,,3,False,380,70,65,65,55,55,70
302,Sableye,Dark,Ghost,3,False,380,50,75,75,65,65,50
302,SableyeMega Sableye,Dark,Ghost,3,False,480,50,85,125,85,115,20
303,Mawile,Steel,Fairy,3,False,380,50,85,85,55,55,50
303,MawileMega Mawile,Steel,Fairy,3,False,480,50,105,125,55,95,50
304,Aron,Steel,Rock,3,False,330,50,70,100,40,40,30
305,Lairon,Steel,Rock,3,False,430,60,90,140,50,50,40
306,Aggron,Steel,Rock,3,False,530,70,110,180,60,60,50
306,AggronMega Aggron,Steel,,3,False,630,70,140,230,60,80,50
307,Meditite,Fighting,Psychic,3,False,280,30,40,55,40,55,60
308,Medicham,Fighting,Psychic,3,False,410,60,60,75,60,75,80
308,MedichamMega Medicham,Fighting,Psychic,3,False,510,60,100,85,80,85,100
309,Electrike,Electric,,3,False,295,40,45,40,65,40,65
310,Manectric,Electric,,3,False,475,70,75,60,105,60,105
310,ManectricMega Manectric,Electric,,3,False,575,70,75,80,135,80,135
311,Plusle,Electric,,3,False,405,60,50,40,85,75,95
312,Minun,Electric,,3,False,405,60,40,50,75,85,95
313,Volbeat,Bug,,3,False,400,65,73,55,47,75,85
314,Illumise,Bug,,3,False,400,65,47,55,73,75,85
315,Roselia,Grass,Poison,3,False,400,50,60,45,100,80,65
316,Gulpin,Poison,,3,False,302,70,43,53,43,53,40
317,Swalot,Poison,,3,False,467,100,73,83,73,83,55
318,Carvanha,Water,Dark,3,False,305,45,90,20,65,20,65
319,Sharpedo,Water,Dark,3,False,460,70,120,40,95,40,95
319,SharpedoMega Sharpedo,Water,Dark,3,False,560,70,140,70,110,65,105
320,Wailmer,Water,,3,False,400,130,70,35,70,35,60
321,Wailord,Water,,3,False,500,170,90,45,90,45,60
322,Numel,Fire,Ground,3,False,305,60,60,40,65,45,35
323,Camerupt,Fire,Ground,3,False,460,70,100,70,105,75,40
323,CameruptMega Camerupt,Fire,Ground,3,False,560,70,120,100,145,105,20
324,Torkoal,Fire,,3,False,470,70,85,140,85,70,20
325,Spoink,Psychic,,3,False,330,60,25,35,70,80,60
326,Grumpig,Psychic,,3,False,470,80,45,65,90,110,80
327,Spinda,Normal,,3,False,360,60,60,60,60,60,60
328,Trapinch,Ground,,3,False,290,45,100,45,45,45,10
329,Vibrava,Ground,Dragon,3,False,340,50,70,50,50,50,70
330,Flygon,Ground,Dragon,3,False,520,80,100,80,80,80,100
331,Cacnea,Grass,,3,False,335,50,85,40,85,40,35
332,Cacturne,Grass,Dark,3,False,475,70,115,60,115,60,55
333,Swablu,Normal,Flying,3,False,310,45,40,60,40,75,50
334,Altaria,Dragon,Flying,3,False,490,75,70,90,70,105,80
334,AltariaMega Altaria,Dragon,Fairy,3,False,590,75,110,110,110,105,80
335,Zangoose,Normal,,3,False,458,73,115,60,60,60,90
336,Seviper,Poison,,3,False,458,73,100,60,100,60,65
337,Lunatone,Rock,Psychic,3,False,440,70,55,65,95,85,70
338,Solrock,Rock,Psychic,3,False,440,70,95,85,55,65,70
339,Barboach,Water,Ground,3,False,288,50,48,43,46,41,60
340,Whiscash,Water,Ground,3,False,468,110,78,73,76,71,60
341,Corphish,Water,,3,False,308,43,80,65,50,35,35
342,Crawdaunt,Water,Dark,3,False,468,63,120,85,90,55,55
343,Baltoy,Ground,Psychic,3,False,300,40,40,55,40,70,55
344,Claydol,Ground,Psychic,3,False,500,60,70,105,70,120,75
345,Lileep,Rock,Grass,3,False,355,66,41,77,61,87,23
346,Cradily,Rock,Grass,3,False,495,86,81,97,81,107,43
347,Anorith,Rock,Bug,3,False,355,45,95,50,40,50,75
348,Armaldo,Rock,Bug,3,False,495,75,125,100,70,80,45
349,Feebas,Water,,3,False,200,20,15,20,10,55,80
350,Milotic,Water,,3,False,540,95,60,79,100,125,81
351,Castform,Normal,,3,False,420,70,70,70,70,70,70
352,Kecleon,Normal,,3,False,440,60,90,70,60,120,40
353,Shuppet,Ghost,,3,False,295,44,75,35,63,33,45
354,Banette,Ghost,,3,False,455,64,115,65,83,63,65
354,BanetteMega Banette,Ghost,,3,False,555,64,165,75,93,83,75
355,Duskull,Ghost,,3,False,295,20,40,90,30,90,25
356,Dusclops,Ghost,,3,False,455,40,70,130,60,130,25
357,Tropius,Grass,Flying,3,False,460,99,68,83,72,87,51
358,Chimecho,Psychic,,3,False,425,65,50,70,95,80,65
359,Absol,Dark,,3,False,465,65,130,60,75,60,75
359,AbsolMega Absol,Dark,,3,False,565,65,150,60,115,60,115
360,Wynaut,Psychic,,3,False,260,95,23,48,23,48,23
361,Snorunt,Ice,,3,False,300,50,50,50,50,50,50
362,Glalie,Ice,,3,False,480,80,80,80,80,80,80
362,GlalieMega Glalie,Ice,,3,False,580,80,120,80,120,80,100
363,Spheal,Ice,Water,3,False,290,70,40,50,55,50,25
364,Sealeo,Ice,Water,3,False,410,90,60,70,75,70,45
365,Walrein,Ice,Water,3,False,530,110,80,90,95,90,65
366,Clamperl,Water,,3,False,345,35,64,85,74,55,32
367,Huntail,Water,,3,False,485,55,104,105,94,75,52
368,Gorebyss,Water,,3,False,485,55,84,105,114,75,52
369,Relicanth,Water,Rock,3,False,485,100,90,130,45,65,55
370,Luvdisc,Water,,3,False,330,43,30,55,40,65,97
371,Bagon,Dragon,,3,False,300,45,75,60,40,30,50
372,Shelgon,Dragon,,3,False,420,65,95,100,60,50,50
373,Salamence,Dragon,Flying,3,False,600,95,135,80,110,80,100
373,SalamenceMega Salamence,Dragon,Flying,3,False,700,95,145,130,120,90,120
374,Beldum,Steel,Psychic,3,False,300,40,55,80,35,60,30
375,Metang,Steel,Psychic,3,False,420,60,75,100,55,80,50
376,Metagross,Steel,Psychic,3,False,600,80,135,130,95,90,70
376,MetagrossMega Metagross,Steel,Psychic,3,False,700,80,145,150,105,110,110
377,Regirock,Rock,,3,True,580,80,100,200,50,100,50
378,Regice,Ice,,3,True,580,80,50,100,100,200,50
379,Registeel,Steel,,3,True,580,80,75,150,75,150,50
380,Latias,Dragon,Psychic,3,True,600,80,80,90,110,130,110
380,LatiasMega Latias,Dragon,Psychic,3,True,700,80,100,120,140,150,110
381,Latios,Dragon,Psychic,3,True,600,80,90,80,130,110,110
381,LatiosMega Latios,Dragon,Psychic,3,True,700,80,130,100,160,120,110
382,Kyogre,Water,,3,True,670,100,100,90,150,140,90
382,KyogrePrimal Kyogre,Water,,3,True,770,100,150,90,180,160,90
383,Groudon,Ground,,3,True,670,100,150,140,100,90,90
383,GroudonPrimal Groudon,Ground,Fire,3,True,770,100,180,160,150,90,90
384,Rayquaza,Dragon,Flying,3,True,680,105,150,90,150,90,95
384,RayquazaMega Rayquaza,Dragon,Flying,3,True,780,105,180,100,180,100,115
385,Jirachi,Steel,Psychic,3,True,600,100,100,100,100,100,100
386,DeoxysNormal Forme,Psychic,,3,True,600,50,150,50,150,50,150
386,DeoxysAttack Forme,Psychic,,3,True,600,50,180,20,180,20,150
386,DeoxysDefense Forme,Psychic,,3,True,600,50,70,160,70,160,90
386,DeoxysSpeed Forme,Psychic,,3,True,600,50,95,90,95,90,180
387,Turtwig,Grass,,4,False,318,55,68,64,45,55,31
388,Grotle,Grass,,4,False,405,75,89,85,55,65,36
389,Torterra,Grass,Ground,4,False,525,95,109,105,75,85,56
390,Chimchar,Fire,,4,False,309,44,58,44,58,44,61
391,Monferno,Fire,Fighting,4,False,405,64,78,52,78,52,81
392,Infernape,Fire,Fighting,4,False,534,76,104,71,104,71,108
393,Piplup,Water,,4,False,314,53,51,53,61,56,40
394,Prinplup,Water,,4,False,405,64,66,68,81,76,50
395,Empoleon,Water,Steel,4,False,530,84,86,88,111,101,60
396,Starly,Normal,Flying,4,False,245,40,55,30,30,30,60
397,Staravia,Normal,Flying,4,False,340,55,75,50,40,40,80
398,Staraptor,Normal,Flying,4,False,485,85,120,70,50,60,100
399,Bidoof,Normal,,4,False,250,59,45,40,35,40,31
400,Bibarel,Normal,Water,4,False,410,79,85,60,55,60,71
401,Kricketot,Bug,,4,False,194,37,25,41,25,41,25
402,Kricketune,Bug,,4,False,384,77,85,51,55,51,65
403,Shinx,Electric,,4,False,263,45,65,34,40,34,45
404,Luxio,Electric,,4,False,363,60,85,49,60,49,60
405,Luxray,Electric,,4,False,523,80,120,79,95,79,70
406,Budew,Grass,Poison,4,False,280,40,30,35,50,70,55
407,Roserade,Grass,Poison,4,False,515,60,70,65,125,105,90
408,Cranidos,Rock,,4,False,350,67,125,40,30,30,58
409,Rampardos,Rock,,4,False,495,97,165,60,65,50,58
410,Shieldon,Rock,Steel,4,False,350,30,42,118,42,88,30
411,Bastiodon,Rock,Steel,4,False,495,60,52,168,47,138,30
412,Burmy,Bug,,4,False,224,40,29,45,29,45,36
413,WormadamPlant Cloak,Bug,Grass,4,False,424,60,59,85,79,105,36
413,WormadamSandy Cloak,Bug,Ground,4,False,424,60,79,105,59,85,36
413,WormadamTrash Cloak,Bug,Steel,4,False,424,60,69,95,69,95,36
414,Mothim,Bug,Flying,4,False,424,70,94,50,94,50,66
415,Combee,Bug,Flying,4,False,244,30,30,42,30,42,70
416,Vespiquen,Bug,Flying,4,False,474,70,80,102,80,102,40
417,Pachirisu,Electric,,4,False,405,60,45,70,45,90,95
418,Buizel,Water,,4,False,330,55,65,35,60,30,85
419,Floatzel,Water,,4,False,495,85,105,55,85,50,115
420,Cherubi,Grass,,4,False,275,45,35,45,62,53,35
421,Cherrim,Grass,,4,False,450,70,60,70,87,78,85
422,Shellos,Water,,4,False,325,76,48,48,57,62,34
423,Gastrodon,Water,Ground,4,False,475,111,83,68,92,82,39
424,Ambipom,Normal,,4,False,482,75,100,66,60,66,115
425,Drifloon,Ghost,Flying,4,False,348,90,50,34,60,44,70
426,Drifblim,Ghost,Flying,4,False,498,150,80,44,90,54,80
427,Buneary,Normal,,4,False,350,55,66,44,44,56,85
428,Lopunny,Normal,,4,False,480,65,76,84,54,96,105
428,LopunnyMega Lopunny,Normal,Fighting,4,False,580,65,136,94,54,96,135
429,Mismagius,Ghost,,4,False,495,60,60,60,105,105,105
430,Honchkrow,Dark,Flying,4,False,505,100,125,52,105,52,71
431,Glameow,Normal,,4,False,310,49,55,42,42,37,85
432,Purugly,Normal,,4,False,452,71,82,64,64,59,112
433,Chingling,Psychic,,4,False,285,45,30,50,65,50,45
434,Stunky,Poison,Dark,4,False,329,63,63,47,41,41,74
435,Skuntank,Poison,Dark,4,False,479,103,93,67,71,61,84
436,Bronzor,Steel,Psychic,4,False,300,57,24,86,24,86,23
437,Bronzong,Steel,Psychic,4,False,500,67,89,116,79,116,33
438,Bonsly,Rock,,4,False,290,50,80,95,10,45,10
439,Mime Jr.,Psychic,Fairy,4,False,310,20,25,45,70,90,60
440,Happiny,Normal,,4,False,220,100,5,5,15,65,30
441,Chatot,Normal,Flying,4,False,411,76,65,45,92,42,91
442,Spiritomb,Ghost,Dark,4,False,485,50,92,108,92,108,35
443,Gible,Dragon,Ground,4,False,300,58,70,45,40,45,42
444,Gabite,Dragon,Ground,4,False,410,68,90,65,50,55,82
445,Garchomp,Dragon,Ground,4,False,600,108,130,95,80,85,102
445,GarchompMega Garchomp,Dragon,Ground,4,False,700,108,170,115,120,95,92
446,Munchlax,Normal,,4,False,390,135,85,40,40,85,5
447,Riolu,Fighting,,4,False,285,40,70,40,35,40,60
448,Lucario,Fighting,Steel,4,False,525,70,110,70,115,70,90
448,LucarioMega Lucario,Fighting,Steel,4,False,625,70,145,88,140,70,112
449,Hippopotas,Ground,,4,False,330,68,72,78,38,42,32
450,Hippowdon,Ground,,4,False,525,108,112,118,68,72,47
451,Skorupi,Poison,Bug,4,False,330,40,50,90,30,55,65
452,Drapion,Poison,Dark,4,False,500,70,90,110,60,75,95
453,Croagunk,Poison,Fighting,4,False,300,48,61,40,61,40,50
454,Toxicroak,Poison,Fighting,4,False,490,83,106,65,86,65,85
455,Carnivine,Grass,,4,False,454,74,100,72,90,72,46
456,Finneon,Water,,4,False,330,49,49,56,49,61,66
457,Lumineon,Water,,4,False,460,69,69,76,69,86,91
458,Mantyke,Water,Flying,4,False,345,45,20,50,60,120,50
459,Snover,Grass,Ice,4,False,334,60,62,50,62,60,40
460,Abomasnow,Grass,Ice,4,False,494,90,92,75,92,85,60
460,AbomasnowMega Abomasnow,Grass,Ice,4,False,594,90,132,105,132,105,30
461,Weavile,Dark,Ice,4,False,510,70,120,65,45,85,125
462,Magnezone,Electric,Steel,4,False,535,70,70,115,130,90,60
463,Lickilicky,Normal,,4,False,515,110,85,95,80,95,50
464,Rhyperior,Ground,Rock,4,False,535,115,140,130,55,55,40
465,Tangrowth,Grass,,4,False,535,100,100,125,110,50,50
466,Electivire,Electric,,4,False,540,75,123,67,95,85,95
467,Magmortar,Fire,,4,False,540,75,95,67,125,95,83
468,Togekiss,Fairy,Flying,4,False,545,85,50,95,120,115,80
469,Yanmega,Bug,Flying,4,False,515,86,76,86,116,56,95
470,Leafeon,Grass,,4,False,525,65,110,130,60,65,95
471,Glaceon,Ice,,4,False,525,65,60,110,130,95,65
472,Gliscor,Ground,Flying,4,False,510,75,95,125,45,75,95
473,Mamoswine,Ice,Ground,4,False,530,110,130,80,70,60,80
474,Porygon-Z,Normal,,4,False,535,85,80,70,135,75,90
475,Gallade,Psychic,Fighting,4,False,518,68,125,65,65,115,80
475,GalladeMega Gallade,Psychic,Fighting,4,False,618,68,165,95,65,115,110
476,Probopass,Rock,Steel,4,False,525,60,55,145,75,150,40
477,Dusknoir,Ghost,,4,False,525,45,100,135,65,135,45
478,Froslass,Ice,Ghost,4,False,480,70,80,70,80,70,110
479,Rotom,Electric,Ghost,4,False,440,50,50,77,95,77,91
479,RotomHeat Rotom,Electric,Fire,4,False,520,50,65,107,105,107,86
479,RotomWash Rotom,Electric,Water,4,False,520,50,65,107,105,107,86
479,RotomFrost Rotom,Electric,Ice,4,False,520,50,65,107,105,107,86
479,RotomFan Rotom,Electric,Flying,4,False,520,50,65,107,105,107,86
479,RotomMow Rotom,Electric,Grass,4,False,520,50,65,107,105,107,86
480,Uxie,Psychic,,4,True,580,75,75,130,75,130,95
481,Mesprit,Psychic,,4,True,580,80,105,105,105,105,80
482,Azelf,Psychic,,4,True,580,75,125,70,125,70,115
483,Dialga,Steel,Dragon,4,True,680,100,120,120,150,100,90
484,Palkia,Water,Dragon,4,True,680,90,120,100,150,120,100
485,Heatran,Fire,Steel,4,True,600,91,90,106,130,106,77
486,Regigigas,Normal,,4,True,670,110,160,110,80,110,100
487,GiratinaAltered Forme,Ghost,Dragon,4,True,680,150,100,120,100,120,90
487,GiratinaOrigin Forme,Ghost,Dragon,4,True,680,150,120,100,120,100,90
488,Cresselia,Psychic,,4,False,600,120,70,120,75,130,85
489,Phione,Water,,4,False,480,80,80,80,80,80,80
490,Manaphy,Water,,4,False,600,100,100,100,100,100,100
491,Darkrai,Dark,,4,True,600,70,90,90,135,90,125
492,ShayminLand Forme,Grass,,4,True,600,100,100,100,100,100,100
492,ShayminSky Forme,Grass,Flying,4,True,600,100,103,75,120,75,127
493,Arceus,Normal,,4,True,720,120,120,120,120,120,120
494,Victini,Psychic,Fire,5,True,600,100,100,100,100,100,100
495,Snivy,Grass,,5,False,308,45,45,55,45,55,63
496,Servine,Grass,,5,False,413,60,60,75,60,75,83
497,Serperior,Grass,,5,False,528,75,75,95,75,95,113
498,Tepig,Fire,,5,False,308,65,63,45,45,45,45
499,Pignite,Fire,Fighting,5,False,418,90,93,55,70,55,55
500,Emboar,Fire,Fighting,5,False,528,110,123,65,100,65,65
501,Oshawott,Water,,5,False,308,55,55,45,63,45,45
502,Dewott,Water,,5,False,413,75,75,60,83,60,60
503,Samurott,Water,,5,False,528,95,100,85,108,70,70
504,Patrat,Normal,,5,False,255,45,55,39,35,39,42
505,Watchog,Normal,,5,False,420,60,85,69,60,69,77
506,Lillipup,Normal,,5,False,275,45,60,45,25,45,55
507,Herdier,Normal,,5,False,370,65,80,65,35,65,60
508,Stoutland,Normal,,5,False,500,85,110,90,45,90,80
509,Purrloin,Dark,,5,False,281,41,50,37,50,37,66
510,Liepard,Dark,,5,False,446,64,88,50,88,50,106
511,Pansage,Grass,,5,False,316,50,53,48,53,48,64
512,Simisage,Grass,,5,False,498,75,98,63,98,63,101
513,Pansear,Fire,,5,False,316,50,53,48,53,48,64
514,Simisear,Fire,,5,False,498,75,98,63,98,63,101
515,Panpour,Water,,5,False,316,50,53,48,53,48,64
516,Simipour,Water,,5,False,498,75,98,63,98,63,101
517,Munna,Psychic,,5,False,292,76,25,45,67,55,24
518,Musharna,Psychic,,5,False,487,116,55,85,107,95,29
519,Pidove,Normal,Flying,5,False,264,50,55,50,36,30,43
520,Tranquill,Normal,Flying,5,False,358,62,77,62,50,42,65
521,Unfezant,Normal,Flying,5,False,488,80,115,80,65,55,93
522,Blitzle,Electric,,5,False,295,45,60,32,50,32,76
523,Zebstrika,Electric,,5,False,497,75,100,63,80,63,116
524,Roggenrola,Rock,,5,False,280,55,75,85,25,25,15
525,Boldore,Rock,,5,False,390,70,105,105,50,40,20
526,Gigalith,Rock,,5,False,515,85,135,130,60,80,25
527,Woobat,Psychic,Flying,5,False,313,55,45,43,55,43,72
528,Swoobat,Psychic,Flying,5,False,425,67,57,55,77,55,114
529,Drilbur,Ground,,5,False,328,60,85,40,30,45,68
530,Excadrill,Ground,Steel,5,False,508,110,135,60,50,65,88
531,Audino,Normal,,5,False,445,103,60,86,60,86,50
531,AudinoMega Audino,Normal,Fairy,5,False,545,103,60,126,80,126,50
532,Timburr,Fighting,,5,False,305,75,80,55,25,35,35
533,Gurdurr,Fighting,,5,False,405,85,105,85,40,50,40
534,Conkeldurr,Fighting,,5,False,505,105,140,95,55,65,45
535,Tympole,Water,,5,False,294,50,50,40,50,40,64
536,Palpitoad,Water,Ground,5,False,384,75,65,55,65,55,69
537,Seismitoad,Water,Ground,5,False,509,105,95,75,85,75,74
538,Throh,Fighting,,5,False,465,120,100,85,30,85,45
539,Sawk,Fighting,,5,False,465,75,125,75,30,75,85
540,Sewaddle,Bug,Grass,5,False,310,45,53,70,40,60,42
541,Swadloon,Bug,Grass,5,False,380,55,63,90,50,80,42
542,Leavanny,Bug,Grass,5,False,500,75,103,80,70,80,92
543,Venipede,Bug,Poison,5,False,260,30,45,59,30,39,57
544,Whirlipede,Bug,Poison,5,False,360,40,55,99,40,79,47
545,Scolipede,Bug,Poison,5,False,485,60,100,89,55,69,112
546,Cottonee,Grass,Fairy,5,False,280,40,27,60,37,50,66
547,Whimsicott,Grass,Fairy,5,False,480,60,67,85,77,75,116
548,Petilil,Grass,,5,False,280,45,35,50,70,50,30
549,Lilligant,Grass,,5,False,480,70,60,75,110,75,90
550,Basculin,Water,,5,False,460,70,92,65,80,55,98
551,Sandile,Ground,Dark,5,False,292,50,72,35,35,35,65
552,Krokorok,Ground,Dark,5,False,351,60,82,45,45,45,74
553,Krookodile,Ground,Dark,5,False,519,95,117,80,65,70,92
554,Darumaka,Fire,,5,False,315,70,90,45,15,45,50
555,DarmanitanStandard Mode,Fire,,5,False,480,105,140,55,30,55,95
555,DarmanitanZen Mode,Fire,Psychic,5,False,540,105,30,105,140,105,55
556,Maractus,Grass,,5,False,461,75,86,67,106,67,60
557,Dwebble,Bug,Rock,5,False,325,50,65,85,35,35,55
558,Crustle,Bug,Rock,5,False,475,70,95,125,65,75,45
559,Scraggy,Dark,Fighting,5,False,348,50,75,70,35,70,48
560,Scrafty,Dark,Fighting,5,False,488,65,90,115,45,115,58
561,Sigilyph,Psychic,Flying,5,False,490,72,58,80,103,80,97
562,Yamask,Ghost,,5,False,303,38,30,85,55,65,30
563,Cofagrigus,Ghost,,5,False,483,58,50,145,95,105,30
564,Tirtouga,Water,Rock,5,False,355,54,78,103,53,45,22
565,Carracosta,Water,Rock,5,False,495,74,108,133,83,65,32
566,Archen,Rock,Flying,5,False,401,55,112,45,74,45,70
567,Archeops,Rock,Flying,5,False,567,75,140,65,112,65,110
568,Trubbish,Poison,,5,False,329,50,50,62,40,62,65
569,Garbodor,Poison,,5,False,474,80,95,82,60,82,75
570,Zorua,Dark,,5,False,330,40,65,40,80,40,65
571,Zoroark,Dark,,5,False,510,60,105,60,120,60,105
572,Minccino,Normal,,5,False,300,55,50,40,40,40,75
573,Cinccino,Normal,,5,False,470,75,95,60,65,60,115
574,Gothita,Psychic,,5,False,290,45,30,50,55,65,45
575,Gothorita,Psychic,,5,False,390,60,45,70,75,85,55
576,Gothitelle,Psychic,,5,False,490,70,55,95,95,110,65
577,Solosis,Psychic,,5,False,290,45,30,40,105,50,20
578,Duosion,Psychic,,5,False,370,65,40,50,125,60,30
579,Reuniclus,Psychic,,5,False,490,110,65,75,125,85,30
580,Ducklett,Water,Flying,5,False,305,62,44,50,44,50,55
581,Swanna,Water,Flying,5,False,473,75,87,63,87,63,98
582,Vanillite,Ice,,5,False,305,36,50,50,65,60,44
583,Vanillish,Ice,,5,False,395,51,65,65,80,75,59
584,Vanilluxe,Ice,,5,False,535,71,95,85,110,95,79
585,Deerling,Normal,Grass,5,False,335,60,60,50,40,50,75
586,Sawsbuck,Normal,Grass,5,False,475,80,100,70,60,70,95
587,Emolga,Electric,Flying,5,False,428,55,75,60,75,60,103
588,Karrablast,Bug,,5,False,315,50,75,45,40,45,60
589,Escavalier,Bug,Steel,5,False,495,70,135,105,60,105,20
590,Foongus,Grass,Poison,5,False,294,69,55,45,55,55,15
591,Amoonguss,Grass,Poison,5,False,464,114,85,70,85,80,30
592,Frillish,Water,Ghost,5,False,335,55,40,50,65,85,40
593,Jellicent,Water,Ghost,5,False,480,100,60,70,85,105,60
594,Alomomola,Water,,5,False,470,165,75,80,40,45,65
595,Joltik,Bug,Electric,5,False,319,50,47,50,57,50,65
596,Galvantula,Bug,Electric,5,False,472,70,77,60,97,60,108
597,Ferroseed,Grass,Steel,5,False,305,44,50,91,24,86,10
598,Ferrothorn,Grass,Steel,5,False,489,74,94,131,54,116,20
599,Klink,Steel,,5,False,300,40,55,70,45,60,30
600,Klang,Steel,,5,False,440,60,80,95,70,85,50
601,Klinklang,Steel,,5,False,520,60,100,115,70,85,90
602,Tynamo,Electric,,5,False,275,35,55,40,45,40,60
603,Eelektrik,Electric,,5,False,405,65,85,70,75,70,40
604,Eelektross,Electric,,5,False,515,85,115,80,105,80,50
605,Elgyem,Psychic,,5,False,335,55,55,55,85,55,30
606,Beheeyem,Psychic,,5,False,485,75,75,75,125,95,40
607,Litwick,Ghost,Fire,5,False,275,50,30,55,65,55,20
608,Lampent,Ghost,Fire,5,False,370,60,40,60,95,60,55
609,Chandelure,Ghost,Fire,5,False,520,60,55,90,145,90,80
610,Axew,Dragon,,5,False,320,46,87,60,30,40,57
611,Fraxure,Dragon,,5,False,410,66,117,70,40,50,67
612,Haxorus,Dragon,,5,False,540,76,147,90,60,70,97
613,Cubchoo,Ice,,5,False,305,55,70,40,60,40,40
614,Beartic,Ice,,5,False,485,95,110,80,70,80,50
615,Cryogonal,Ice,,5,False,485,70,50,30,95,135,105
616,Shelmet,Bug,,5,False,305,50,40,85,40,65,25
617,Accelgor,Bug,,5,False,495,80,70,40,100,60,145
618,Stunfisk,Ground,Electric,5,False,471,109,66,84,81,99,32
619,Mienfoo,Fighting,,5,False,350,45,85,50,55,50,65
620,Mienshao,Fighting,,5,False,510,65,125,60,95,60,105
621,Druddigon,Dragon,,5,False,485,77,120,90,60,90,48
622,Golett,Ground,Ghost,5,False,303,59,74,50,35,50,35
623,Golurk,Ground,Ghost,5,False,483,89,124,80,55,80,55
624,Pawniard,Dark,Steel,5,False,340,45,85,70,40,40,60
625,Bisharp,Dark,Steel,5,False,490,65,125,100,60,70,70
626,Bouffalant,Normal,,5,False,490,95,110,95,40,95,55
627,Rufflet,Normal,Flying,5,False,350,70,83,50,37,50,60
628,Braviary,Normal,Flying,5,False,510,100,123,75,57,75,80
629,Vullaby,Dark,Flying,5,False,370,70,55,75,45,65,60
630,Mandibuzz,Dark,Flying,5,False,510,110,65,105,55,95,80
631,Heatmor,Fire,,5,False,484,85,97,66,105,66,65
632,Durant,Bug,Steel,5,False,484,58,109,112,48,48,109
633,Deino,Dark,Dragon,5,False,300,52,65,50,45,50,38
634,Zweilous,Dark,Dragon,5,False,420,72,85,70,65,70,58
635,Hydreigon,Dark,Dragon,5,False,600,92,105,90,125,90,98
636,Larvesta,Bug,Fire,5,False,360,55,85,55,50,55,60
637,Volcarona,Bug,Fire,5,False,550,85,60,65,135,105,100
638,Cobalion,Steel,Fighting,5,True,580,91,90,129,90,72,108
639,Terrakion,Rock,Fighting,5,True,580,91,129,90,72,90,108
640,Virizion,Grass,Fighting,5,True,580,91,90,72,90,129,108
641,TornadusIncarnate Forme,Flying,,5,True,580,79,115,70,125,80,111
641,TornadusTherian Forme,Flying,,5,True,580,79,100,80,110,90,121
642,ThundurusIncarnate Forme,Electric,Flying,5,True,580,79,115,70,125,80,111
642,ThundurusTherian Forme,Electric,Flying,5,True,580,79,105,70,145,80,101
643,Reshiram,Dragon,Fire,5,True,680,100,120,100,150,120,90
644,Zekrom,Dragon,Electric,5,True,680,100,150,120,120,100,90
645,LandorusIncarnate Forme,Ground,Flying,5,True,600,89,125,90,115,80,101
645,LandorusTherian Forme,Ground,Flying,5,True,600,89,145,90,105,80,91
646,Kyurem,Dragon,Ice,5,True,660,125,130,90,130,90,95
646,KyuremBlack Kyurem,Dragon,Ice,5,True,700,125,170,100,120,90,95
646,KyuremWhite Kyurem,Dragon,Ice,5,True,700,125,120,90,170,100,95
647,KeldeoOrdinary Forme,Water,Fighting,5,False,580,91,72,90,129,90,108
647,KeldeoResolute Forme,Water,Fighting,5,False,580,91,72,90,129,90,108
648,MeloettaAria Forme,Normal,Psychic,5,False,600,100,77,77,128,128,90
648,MeloettaPirouette Forme,Normal,Fighting,5,False,600,100,128,90,77,77,128
649,Genesect,Bug,Steel,5,False,600,71,120,95,120,95,99
650,Chespin,Grass,,6,False,313,56,61,65,48,45,38
651,Quilladin,Grass,,6,False,405,61,78,95,56,58,57
652,Chesnaught,Grass,Fighting,6,False,530,88,107,122,74,75,64
653,Fennekin,Fire,,6,False,307,40,45,40,62,60,60
654,Braixen,Fire,,6,False,409,59,59,58,90,70,73
655,Delphox,Fire,Psychic,6,False,534,75,69,72,114,100,104
656,Froakie,Water,,6,False,314,41,56,40,62,44,71
657,Frogadier,Water,,6,False,405,54,63,52,83,56,97
658,Greninja,Water,Dark,6,False,530,72,95,67,103,71,122
659,Bunnelby,Normal,,6,False,237,38,36,38,32,36,57
660,Diggersby,Normal,Ground,6,False,423,85,56,77,50,77,78
661,Fletchling,Normal,Flying,6,False,278,45,50,43,40,38,62
662,Fletchinder,Fire,Flying,6,False,382,62,73,55,56,52,84
663,Talonflame,Fire,Flying,6,False,499,78,81,71,74,69,126
664,Scatterbug,Bug,,6,False,200,38,35,40,27,25,35
665,Spewpa,Bug,,6,False,213,45,22,60,27,30,29
666,Vivillon,Bug,Flying,6,False,411,80,52,50,90,50,89
667,Litleo,Fire,Normal,6,False,369,62,50,58,73,54,72
668,Pyroar,Fire,Normal,6,False,507,86,68,72,109,66,106
669,Flabébé,Fairy,,6,False,303,44,38,39,61,79,42
670,Floette,Fairy,,6,False,371,54,45,47,75,98,52
671,Florges,Fairy,,6,False,552,78,65,68,112,154,75
672,Skiddo,Grass,,6,False,350,66,65,48,62,57,52
673,Gogoat,Grass,,6,False,531,123,100,62,97,81,68
674,Pancham,Fighting,,6,False,348,67,82,62,46,48,43
675,Pangoro,Fighting,Dark,6,False,495,95,124,78,69,71,58
676,Furfrou,Normal,,6,False,472,75,80,60,65,90,102
677,Espurr,Psychic,,6,False,355,62,48,54,63,60,68
678,MeowsticMale,Psychic,,6,False,466,74,48,76,83,81,104
678,MeowsticFemale,Psychic,,6,False,466,74,48,76,83,81,104
679,Honedge,Steel,Ghost,6,False,325,45,80,100,35,37,28
680,Doublade,Steel,Ghost,6,False,448,59,110,150,45,49,35
681,AegislashBlade Forme,Steel,Ghost,6,False,520,60,150,50,150,50,60
681,AegislashShield Forme,Steel,Ghost,6,False,520,60,50,150,50,150,60
682,Spritzee,Fairy,,6,False,341,78,52,60,63,65,23
683,Aromatisse,Fairy,,6,False,462,101,72,72,99,89,29
684,Swirlix,Fairy,,6,False,341,62,48,66,59,57,49
685,Slurpuff,Fairy,,6,False,480,82,80,86,85,75,72
686,Inkay,Dark,Psychic,6,False,288,53,54,53,37,46,45
687,Malamar,Dark,Psychic,6,False,482,86,92,88,68,75,73
688,Binacle,Rock,Water,6,False,306,42,52,67,39,56,50
689,Barbaracle,Rock,Water,6,False,500,72,105,115,54,86,68
690,Skrelp,Poison,Water,6,False,320,50,60,60,60,60,30
691,Dragalge,Poison,Dragon,6,False,494,65,75,90,97,123,44
692,Clauncher,Water,,6,False,330,50,53,62,58,63,44
693,Clawitzer,Water,,6,False,500,71,73,88,120,89,59
694,Helioptile,Electric,Normal,6,False,289,44,38,33,61,43,70
695,Heliolisk,Electric,Normal,6,False,481,62,55,52,109,94,109
696,Tyrunt,Rock,Dragon,6,False,362,58,89,77,45,45,48
697,Tyrantrum,Rock,Dragon,6,False,521,82,121,119,69,59,71
698,Amaura,Rock,Ice,6,False,362,77,59,50,67,63,46
699,Aurorus,Rock,Ice,6,False,521,123,77,72,99,92,58
700,Sylveon,Fairy,,6,False,525,95,65,65,110,130,60
701,Hawlucha,Fighting,Flying,6,False,500,78,92,75,74,63,118
702,Dedenne,Electric,Fairy,6,False,431,67,58,57,81,67,101
703,Carbink,Rock,Fairy,6,False,500,50,50,150,50,150,50
704,Goomy,Dragon,,6,False,300,45,50,35,55,75,40
705,Sliggoo,Dragon,,6,False,452,68,75,53,83,113,60
706,Goodra,Dragon,,6,False,600,90,100,70,110,150,80
707,Klefki,Steel,Fairy,6,False,470,57,80,91,80,87,75
708,Phantump,Ghost,Grass,6,False,309,43,70,48,50,60,38
709,Trevenant,Ghost,Grass,6,False,474,85,110,76,65,82,56
710,PumpkabooAverage Size,Ghost,Grass,6,False,335,49,66,70,44,55,51
710,PumpkabooSmall Size,Ghost,Grass,6,False,335,44,66,70,44,55,56
710,PumpkabooLarge Size,Ghost,Grass,6,False,335,54,66,70,44,55,46
710,PumpkabooSuper Size,Ghost,Grass,6,False,335,59,66,70,44,55,41
711,GourgeistAverage Size,Ghost,Grass,6,False,494,65,90,122,58,75,84
711,GourgeistSmall Size,Ghost,Grass,6,False,494,55,85,122,58,75,99
711,GourgeistLarge Size,Ghost,Grass,6,False,494,75,95,122,58,75,69
711,GourgeistSuper Size,Ghost,Grass,6,False,494,85,100,122,58,75,54
712,Bergmite,Ice,,6,False,304,55,69,85,32,35,28
713,Avalugg,Ice,,6,False,514,95,117,184,44,46,28
714,Noibat,Flying,Dragon,6,False,245,40,30,35,45,40,55
715,Noivern,Flying,Dragon,6,False,535,85,70,80,97,80,123
716,Xerneas,Fairy,,6,True,680,126,131,95,131,98,99
717,Yveltal,Dark,Flying,6,True,680,126,131,95,131,98,99
718,Zygarde50% Forme,Dragon,Ground,6,True,600,108,100,121,81,95,95
719,Diancie,Rock,Fairy,6,True,600,50,100,150,100,150,50
719,DiancieMega Diancie,Rock,Fairy,6,True,700,50,160,110,160,110,110
720,HoopaHoopa Confined,Psychic,Ghost,6,True,600,80,110,60,150,130,70
720,HoopaHoopa Unbound,Psychic,Dark,6,True,680,80,160,60,170,130,80
721,Volcanion,Fire,Water,6,True,600,80,110,120,130,90,70
